CREATE TABLE IF NOT EXISTS "auth_group" ("id" integer NOT NULL PRIMARY KEY AUTOINCREMENT, "name" varchar(150) NOT NULL UNIQUE);
CREATE UNIQUE INDEX "auth_group_permissions_group_id_permission_id_0cd325b0_uniq" ON "auth_group_permissions" ("group_id", "permission_id");
CREATE INDEX IF NOT EXISTS "auth_group_permissions_group_id_b120cbf9" ON "auth_group_permissions" ("group_id");
CREATE INDEX IF NOT EXISTS "auth_group_permissions_permission_id_84c5c92e" ON "auth_group_permissions" ("permission_id");
CREATE UNIQUE INDEX "auth_user_groups_user_id_group_id_94350c0c_uniq" ON "auth_user_groups" ("user_id", "group_id");
CREATE INDEX IF NOT EXISTS "auth_user_groups_user_id_6a12ed8b" ON "auth_user_groups" ("user_id");
CREATE INDEX IF NOT EXISTS "auth_user_groups_group_id_97559544" ON "auth_user_groups" ("group_id");
CREATE UNIQUE INDEX "auth_user_user_permissions_user_id_permission_id_14a6b632_uniq" ON "auth_user_user_permissions" ("user_id", "permission_id");
CREATE INDEX IF NOT EXISTS "auth_user_user_permissions_user_id_a95ead1b" ON "auth_user_user_permissions" ("user_id");
CREATE INDEX IF NOT EXISTS "auth_user_user_permissions_permission_id_1fbb5f2c" ON "auth_user_user_permissions" ("permission_id");
CREATE INDEX IF NOT EXISTS "django_admin_log_content_type_id_c4bce8eb" ON "django_admin_log" ("content_type_id");
CREATE INDEX IF NOT EXISTS "django_admin_log_user_id_c564eba6" ON "django_admin_log" ("user_id");
CREATE UNIQUE INDEX "django_content_type_app_label_model_76bd3d3b_uniq" ON "django_content_type" ("app_label", "model");
CREATE UNIQUE INDEX "auth_permission_content_type_id_codename_01ab375a_uniq" ON "auth_permission" ("content_type_id", "codename");
CREATE INDEX IF NOT EXISTS "auth_permission_content_type_id_2f476e4b" ON "auth_permission" ("content_type_id");
CREATE INDEX IF NOT EXISTS "django_session_expire_date_a5c62663" ON "django_session" ("expire_date");
CREATE INDEX IF NOT EXISTS "firstapp_bird_animal_id_id_508534c6" ON "firstapp_bird" ("animal_id_id");
CREATE INDEX IF NOT EXISTS "firstapp_animal_area_id_id_08d2ffe2" ON "firstapp_animal" ("area_id_id");
CREATE INDEX IF NOT EXISTS "firstapp_animal_ration_id_id_dea7f4c9" ON "firstapp_animal" ("ration_id_id");
CREATE INDEX IF NOT EXISTS "firstapp_animal_caretaker_id_id_3edd138b" ON "firstapp_animal" ("caretaker_id_id");
CREATE INDEX IF NOT EXISTS "firstapp_animal_veterenarian_id_id_742b5aac" ON "firstapp_animal" ("veterenarian_id_id");
CREATE INDEX IF NOT EXISTS "firstapp_reptile_animal_id_id_93a183bb" ON "firstapp_reptile" ("animal_id_id");
CREATE TABLE IF NOT EXISTS "auth_group_permissions" ("id" integer NOT NULL PRIMARY KEY AUTOINCREMENT, "group_id" integer NOT NULL REFERENCES "auth_group" ("id") DEFERRABLE INITIALLY DEFERRED, "permission_id" integer NOT NULL REFERENCES "auth_permission" ("id") DEFERRABLE INITIALLY DEFERRED);
CREATE UNIQUE INDEX "auth_group_permissions_group_id_permission_id_0cd325b0_uniq" ON "auth_group_permissions" ("group_id", "permission_id");
CREATE INDEX IF NOT EXISTS "auth_group_permissions_group_id_b120cbf9" ON "auth_group_permissions" ("group_id");
CREATE INDEX IF NOT EXISTS "auth_group_permissions_permission_id_84c5c92e" ON "auth_group_permissions" ("permission_id");
CREATE UNIQUE INDEX "auth_user_groups_user_id_group_id_94350c0c_uniq" ON "auth_user_groups" ("user_id", "group_id");
CREATE INDEX IF NOT EXISTS "auth_user_groups_user_id_6a12ed8b" ON "auth_user_groups" ("user_id");
CREATE INDEX IF NOT EXISTS "auth_user_groups_group_id_97559544" ON "auth_user_groups" ("group_id");
CREATE UNIQUE INDEX "auth_user_user_permissions_user_id_permission_id_14a6b632_uniq" ON "auth_user_user_permissions" ("user_id", "permission_id");
CREATE INDEX IF NOT EXISTS "auth_user_user_permissions_user_id_a95ead1b" ON "auth_user_user_permissions" ("user_id");
CREATE INDEX IF NOT EXISTS "auth_user_user_permissions_permission_id_1fbb5f2c" ON "auth_user_user_permissions" ("permission_id");
CREATE INDEX IF NOT EXISTS "django_admin_log_content_type_id_c4bce8eb" ON "django_admin_log" ("content_type_id");
CREATE INDEX IF NOT EXISTS "django_admin_log_user_id_c564eba6" ON "django_admin_log" ("user_id");
CREATE UNIQUE INDEX "django_content_type_app_label_model_76bd3d3b_uniq" ON "django_content_type" ("app_label", "model");
CREATE UNIQUE INDEX "auth_permission_content_type_id_codename_01ab375a_uniq" ON "auth_permission" ("content_type_id", "codename");
CREATE INDEX IF NOT EXISTS "auth_permission_content_type_id_2f476e4b" ON "auth_permission" ("content_type_id");
CREATE INDEX IF NOT EXISTS "django_session_expire_date_a5c62663" ON "django_session" ("expire_date");
CREATE INDEX IF NOT EXISTS "firstapp_bird_animal_id_id_508534c6" ON "firstapp_bird" ("animal_id_id");
CREATE INDEX IF NOT EXISTS "firstapp_animal_area_id_id_08d2ffe2" ON "firstapp_animal" ("area_id_id");
CREATE INDEX IF NOT EXISTS "firstapp_animal_ration_id_id_dea7f4c9" ON "firstapp_animal" ("ration_id_id");
CREATE INDEX IF NOT EXISTS "firstapp_animal_caretaker_id_id_3edd138b" ON "firstapp_animal" ("caretaker_id_id");
CREATE INDEX IF NOT EXISTS "firstapp_animal_veterenarian_id_id_742b5aac" ON "firstapp_animal" ("veterenarian_id_id");
CREATE INDEX IF NOT EXISTS "firstapp_reptile_animal_id_id_93a183bb" ON "firstapp_reptile" ("animal_id_id");
CREATE TABLE IF NOT EXISTS "auth_permission" ("id" integer NOT NULL PRIMARY KEY AUTOINCREMENT, "content_type_id" integer NOT NULL REFERENCES "django_content_type" ("id") DEFERRABLE INITIALLY DEFERRED, "codename" varchar(100) NOT NULL, "name" varchar(255) NOT NULL);
INSERT INTO "auth_permission" VALUES(1,1,'add_logentry','Can add log entry');
INSERT INTO "auth_permission" VALUES(2,1,'change_logentry','Can change log entry');
INSERT INTO "auth_permission" VALUES(3,1,'delete_logentry','Can delete log entry');
INSERT INTO "auth_permission" VALUES(4,1,'view_logentry','Can view log entry');
INSERT INTO "auth_permission" VALUES(5,2,'add_permission','Can add permission');
INSERT INTO "auth_permission" VALUES(6,2,'change_permission','Can change permission');
INSERT INTO "auth_permission" VALUES(7,2,'delete_permission','Can delete permission');
INSERT INTO "auth_permission" VALUES(8,2,'view_permission','Can view permission');
INSERT INTO "auth_permission" VALUES(9,3,'add_group','Can add group');
INSERT INTO "auth_permission" VALUES(10,3,'change_group','Can change group');
INSERT INTO "auth_permission" VALUES(11,3,'delete_group','Can delete group');
INSERT INTO "auth_permission" VALUES(12,3,'view_group','Can view group');
INSERT INTO "auth_permission" VALUES(13,4,'add_user','Can add user');
INSERT INTO "auth_permission" VALUES(14,4,'change_user','Can change user');
INSERT INTO "auth_permission" VALUES(15,4,'delete_user','Can delete user');
INSERT INTO "auth_permission" VALUES(16,4,'view_user','Can view user');
INSERT INTO "auth_permission" VALUES(17,5,'add_contenttype','Can add content type');
INSERT INTO "auth_permission" VALUES(18,5,'change_contenttype','Can change content type');
INSERT INTO "auth_permission" VALUES(19,5,'delete_contenttype','Can delete content type');
INSERT INTO "auth_permission" VALUES(20,5,'view_contenttype','Can view content type');
INSERT INTO "auth_permission" VALUES(21,6,'add_session','Can add session');
INSERT INTO "auth_permission" VALUES(22,6,'change_session','Can change session');
INSERT INTO "auth_permission" VALUES(23,6,'delete_session','Can delete session');
INSERT INTO "auth_permission" VALUES(24,6,'view_session','Can view session');
INSERT INTO "auth_permission" VALUES(41,11,'add_animal','Can add animal');
INSERT INTO "auth_permission" VALUES(42,11,'change_animal','Can change animal');
INSERT INTO "auth_permission" VALUES(43,11,'delete_animal','Can delete animal');
INSERT INTO "auth_permission" VALUES(44,11,'view_animal','Can view animal');
INSERT INTO "auth_permission" VALUES(45,12,'add_bird','Can add bird');
INSERT INTO "auth_permission" VALUES(46,12,'change_bird','Can change bird');
INSERT INTO "auth_permission" VALUES(47,12,'delete_bird','Can delete bird');
INSERT INTO "auth_permission" VALUES(48,12,'view_bird','Can view bird');
INSERT INTO "auth_permission" VALUES(49,13,'add_feeding_ration','Can add feeding_ration');
INSERT INTO "auth_permission" VALUES(50,13,'change_feeding_ration','Can change feeding_ration');
INSERT INTO "auth_permission" VALUES(51,13,'delete_feeding_ration','Can delete feeding_ration');
INSERT INTO "auth_permission" VALUES(52,13,'view_feeding_ration','Can view feeding_ration');
INSERT INTO "auth_permission" VALUES(53,14,'add_habitat_area','Can add habitat_area');
INSERT INTO "auth_permission" VALUES(54,14,'change_habitat_area','Can change habitat_area');
INSERT INTO "auth_permission" VALUES(55,14,'delete_habitat_area','Can delete habitat_area');
INSERT INTO "auth_permission" VALUES(56,14,'view_habitat_area','Can view habitat_area');
INSERT INTO "auth_permission" VALUES(57,15,'add_reptile','Can add reptile');
INSERT INTO "auth_permission" VALUES(58,15,'change_reptile','Can change reptile');
INSERT INTO "auth_permission" VALUES(59,15,'delete_reptile','Can delete reptile');
INSERT INTO "auth_permission" VALUES(60,15,'view_reptile','Can view reptile');
INSERT INTO "auth_permission" VALUES(61,16,'add_user','Can add user');
INSERT INTO "auth_permission" VALUES(62,16,'change_user','Can change user');
INSERT INTO "auth_permission" VALUES(63,16,'delete_user','Can delete user');
INSERT INTO "auth_permission" VALUES(64,16,'view_user','Can view user');
CREATE UNIQUE INDEX "auth_group_permissions_group_id_permission_id_0cd325b0_uniq" ON "auth_group_permissions" ("group_id", "permission_id");
CREATE INDEX IF NOT EXISTS "auth_group_permissions_group_id_b120cbf9" ON "auth_group_permissions" ("group_id");
CREATE INDEX IF NOT EXISTS "auth_group_permissions_permission_id_84c5c92e" ON "auth_group_permissions" ("permission_id");
CREATE UNIQUE INDEX "auth_user_groups_user_id_group_id_94350c0c_uniq" ON "auth_user_groups" ("user_id", "group_id");
CREATE INDEX IF NOT EXISTS "auth_user_groups_user_id_6a12ed8b" ON "auth_user_groups" ("user_id");
CREATE INDEX IF NOT EXISTS "auth_user_groups_group_id_97559544" ON "auth_user_groups" ("group_id");
CREATE UNIQUE INDEX "auth_user_user_permissions_user_id_permission_id_14a6b632_uniq" ON "auth_user_user_permissions" ("user_id", "permission_id");
CREATE INDEX IF NOT EXISTS "auth_user_user_permissions_user_id_a95ead1b" ON "auth_user_user_permissions" ("user_id");
CREATE INDEX IF NOT EXISTS "auth_user_user_permissions_permission_id_1fbb5f2c" ON "auth_user_user_permissions" ("permission_id");
CREATE INDEX IF NOT EXISTS "django_admin_log_content_type_id_c4bce8eb" ON "django_admin_log" ("content_type_id");
CREATE INDEX IF NOT EXISTS "django_admin_log_user_id_c564eba6" ON "django_admin_log" ("user_id");
CREATE UNIQUE INDEX "django_content_type_app_label_model_76bd3d3b_uniq" ON "django_content_type" ("app_label", "model");
CREATE UNIQUE INDEX "auth_permission_content_type_id_codename_01ab375a_uniq" ON "auth_permission" ("content_type_id", "codename");
CREATE INDEX IF NOT EXISTS "auth_permission_content_type_id_2f476e4b" ON "auth_permission" ("content_type_id");
CREATE INDEX IF NOT EXISTS "django_session_expire_date_a5c62663" ON "django_session" ("expire_date");
CREATE INDEX IF NOT EXISTS "firstapp_bird_animal_id_id_508534c6" ON "firstapp_bird" ("animal_id_id");
CREATE INDEX IF NOT EXISTS "firstapp_animal_area_id_id_08d2ffe2" ON "firstapp_animal" ("area_id_id");
CREATE INDEX IF NOT EXISTS "firstapp_animal_ration_id_id_dea7f4c9" ON "firstapp_animal" ("ration_id_id");
CREATE INDEX IF NOT EXISTS "firstapp_animal_caretaker_id_id_3edd138b" ON "firstapp_animal" ("caretaker_id_id");
CREATE INDEX IF NOT EXISTS "firstapp_animal_veterenarian_id_id_742b5aac" ON "firstapp_animal" ("veterenarian_id_id");
CREATE INDEX IF NOT EXISTS "firstapp_reptile_animal_id_id_93a183bb" ON "firstapp_reptile" ("animal_id_id");
CREATE TABLE IF NOT EXISTS "auth_user" ("id" integer NOT NULL PRIMARY KEY AUTOINCREMENT, "password" varchar(128) NOT NULL, "last_login" datetime NULL, "is_superuser" bool NOT NULL, "username" varchar(150) NOT NULL UNIQUE, "last_name" varchar(150) NOT NULL, "email" varchar(254) NOT NULL, "is_staff" bool NOT NULL, "is_active" bool NOT NULL, "date_joined" datetime NOT NULL, "first_name" varchar(150) NOT NULL);
INSERT INTO "auth_user" VALUES(1,'pbkdf2_sha256$216000$xxtzoQtkE3Hf$S38r2L9jz8mIlo3zS1NhNcLEiT4xgEe4dfjMqrCUrNs=','2020-12-29 21:02:59.087949',1,'Weismur','Админ','Weismur@mail.ru',1,1,'2020-12-28 18:47:23','Админ');
INSERT INTO "auth_user" VALUES(3,'pbkdf2_sha256$216000$4sMFaks1tvaK$6Lt0xGAdIQ1xwFlhgxrETS4AAq1nw8QvN+WgnBcaf9Y=','2020-12-29 20:42:55.446839',0,'user1@mail.ru','Хохлова','user1@mail.ru',0,1,'2020-12-28 20:17:25','Ирина');
INSERT INTO "auth_user" VALUES(4,'pbkdf2_sha256$216000$8ma2mwxbqtH0$b57r5wnZC1RBfjgIVDxfdL2AWCHynr4ByWmwkJetMdc=',NULL,0,'user2@mail.ru','Попов','user2@mail.ru',0,1,'2020-12-29 18:43:30','Вадим');
INSERT INTO "auth_user" VALUES(5,'pbkdf2_sha256$216000$hm4X3GmbwZVK$5b/Er508I+9itmaqtpKDcyRj7f835laGW/+6LKok2lc=','2020-12-29 19:13:55.589401',0,'user3@mail.ru','Чиркова','user3@mail.ru',0,1,'2020-12-29 18:45:35','Александра');
CREATE UNIQUE INDEX "auth_group_permissions_group_id_permission_id_0cd325b0_uniq" ON "auth_group_permissions" ("group_id", "permission_id");
CREATE INDEX IF NOT EXISTS "auth_group_permissions_group_id_b120cbf9" ON "auth_group_permissions" ("group_id");
CREATE INDEX IF NOT EXISTS "auth_group_permissions_permission_id_84c5c92e" ON "auth_group_permissions" ("permission_id");
CREATE UNIQUE INDEX "auth_user_groups_user_id_group_id_94350c0c_uniq" ON "auth_user_groups" ("user_id", "group_id");
CREATE INDEX IF NOT EXISTS "auth_user_groups_user_id_6a12ed8b" ON "auth_user_groups" ("user_id");
CREATE INDEX IF NOT EXISTS "auth_user_groups_group_id_97559544" ON "auth_user_groups" ("group_id");
CREATE UNIQUE INDEX "auth_user_user_permissions_user_id_permission_id_14a6b632_uniq" ON "auth_user_user_permissions" ("user_id", "permission_id");
CREATE INDEX IF NOT EXISTS "auth_user_user_permissions_user_id_a95ead1b" ON "auth_user_user_permissions" ("user_id");
CREATE INDEX IF NOT EXISTS "auth_user_user_permissions_permission_id_1fbb5f2c" ON "auth_user_user_permissions" ("permission_id");
CREATE INDEX IF NOT EXISTS "django_admin_log_content_type_id_c4bce8eb" ON "django_admin_log" ("content_type_id");
CREATE INDEX IF NOT EXISTS "django_admin_log_user_id_c564eba6" ON "django_admin_log" ("user_id");
CREATE UNIQUE INDEX "django_content_type_app_label_model_76bd3d3b_uniq" ON "django_content_type" ("app_label", "model");
CREATE UNIQUE INDEX "auth_permission_content_type_id_codename_01ab375a_uniq" ON "auth_permission" ("content_type_id", "codename");
CREATE INDEX IF NOT EXISTS "auth_permission_content_type_id_2f476e4b" ON "auth_permission" ("content_type_id");
CREATE INDEX IF NOT EXISTS "django_session_expire_date_a5c62663" ON "django_session" ("expire_date");
CREATE INDEX IF NOT EXISTS "firstapp_bird_animal_id_id_508534c6" ON "firstapp_bird" ("animal_id_id");
CREATE INDEX IF NOT EXISTS "firstapp_animal_area_id_id_08d2ffe2" ON "firstapp_animal" ("area_id_id");
CREATE INDEX IF NOT EXISTS "firstapp_animal_ration_id_id_dea7f4c9" ON "firstapp_animal" ("ration_id_id");
CREATE INDEX IF NOT EXISTS "firstapp_animal_caretaker_id_id_3edd138b" ON "firstapp_animal" ("caretaker_id_id");
CREATE INDEX IF NOT EXISTS "firstapp_animal_veterenarian_id_id_742b5aac" ON "firstapp_animal" ("veterenarian_id_id");
CREATE INDEX IF NOT EXISTS "firstapp_reptile_animal_id_id_93a183bb" ON "firstapp_reptile" ("animal_id_id");
CREATE TABLE IF NOT EXISTS "auth_user_groups" ("id" integer NOT NULL PRIMARY KEY AUTOINCREMENT, "user_id" integer NOT NULL REFERENCES "auth_user" ("id") DEFERRABLE INITIALLY DEFERRED, "group_id" integer NOT NULL REFERENCES "auth_group" ("id") DEFERRABLE INITIALLY DEFERRED);
CREATE UNIQUE INDEX "auth_group_permissions_group_id_permission_id_0cd325b0_uniq" ON "auth_group_permissions" ("group_id", "permission_id");
CREATE INDEX IF NOT EXISTS "auth_group_permissions_group_id_b120cbf9" ON "auth_group_permissions" ("group_id");
CREATE INDEX IF NOT EXISTS "auth_group_permissions_permission_id_84c5c92e" ON "auth_group_permissions" ("permission_id");
CREATE UNIQUE INDEX "auth_user_groups_user_id_group_id_94350c0c_uniq" ON "auth_user_groups" ("user_id", "group_id");
CREATE INDEX IF NOT EXISTS "auth_user_groups_user_id_6a12ed8b" ON "auth_user_groups" ("user_id");
CREATE INDEX IF NOT EXISTS "auth_user_groups_group_id_97559544" ON "auth_user_groups" ("group_id");
CREATE UNIQUE INDEX "auth_user_user_permissions_user_id_permission_id_14a6b632_uniq" ON "auth_user_user_permissions" ("user_id", "permission_id");
CREATE INDEX IF NOT EXISTS "auth_user_user_permissions_user_id_a95ead1b" ON "auth_user_user_permissions" ("user_id");
CREATE INDEX IF NOT EXISTS "auth_user_user_permissions_permission_id_1fbb5f2c" ON "auth_user_user_permissions" ("permission_id");
CREATE INDEX IF NOT EXISTS "django_admin_log_content_type_id_c4bce8eb" ON "django_admin_log" ("content_type_id");
CREATE INDEX IF NOT EXISTS "django_admin_log_user_id_c564eba6" ON "django_admin_log" ("user_id");
CREATE UNIQUE INDEX "django_content_type_app_label_model_76bd3d3b_uniq" ON "django_content_type" ("app_label", "model");
CREATE UNIQUE INDEX "auth_permission_content_type_id_codename_01ab375a_uniq" ON "auth_permission" ("content_type_id", "codename");
CREATE INDEX IF NOT EXISTS "auth_permission_content_type_id_2f476e4b" ON "auth_permission" ("content_type_id");
CREATE INDEX IF NOT EXISTS "django_session_expire_date_a5c62663" ON "django_session" ("expire_date");
CREATE INDEX IF NOT EXISTS "firstapp_bird_animal_id_id_508534c6" ON "firstapp_bird" ("animal_id_id");
CREATE INDEX IF NOT EXISTS "firstapp_animal_area_id_id_08d2ffe2" ON "firstapp_animal" ("area_id_id");
CREATE INDEX IF NOT EXISTS "firstapp_animal_ration_id_id_dea7f4c9" ON "firstapp_animal" ("ration_id_id");
CREATE INDEX IF NOT EXISTS "firstapp_animal_caretaker_id_id_3edd138b" ON "firstapp_animal" ("caretaker_id_id");
CREATE INDEX IF NOT EXISTS "firstapp_animal_veterenarian_id_id_742b5aac" ON "firstapp_animal" ("veterenarian_id_id");
CREATE INDEX IF NOT EXISTS "firstapp_reptile_animal_id_id_93a183bb" ON "firstapp_reptile" ("animal_id_id");
CREATE TABLE IF NOT EXISTS "auth_user_user_permissions" ("id" integer NOT NULL PRIMARY KEY AUTOINCREMENT, "user_id" integer NOT NULL REFERENCES "auth_user" ("id") DEFERRABLE INITIALLY DEFERRED, "permission_id" integer NOT NULL REFERENCES "auth_permission" ("id") DEFERRABLE INITIALLY DEFERRED);
INSERT INTO "auth_user_user_permissions" VALUES(1,3,41);
INSERT INTO "auth_user_user_permissions" VALUES(2,3,42);
INSERT INTO "auth_user_user_permissions" VALUES(3,3,43);
INSERT INTO "auth_user_user_permissions" VALUES(4,3,44);
INSERT INTO "auth_user_user_permissions" VALUES(5,3,45);
INSERT INTO "auth_user_user_permissions" VALUES(6,3,46);
INSERT INTO "auth_user_user_permissions" VALUES(7,3,47);
INSERT INTO "auth_user_user_permissions" VALUES(8,3,48);
INSERT INTO "auth_user_user_permissions" VALUES(9,3,49);
INSERT INTO "auth_user_user_permissions" VALUES(10,3,50);
INSERT INTO "auth_user_user_permissions" VALUES(11,3,51);
INSERT INTO "auth_user_user_permissions" VALUES(12,3,52);
INSERT INTO "auth_user_user_permissions" VALUES(13,3,53);
INSERT INTO "auth_user_user_permissions" VALUES(14,3,54);
INSERT INTO "auth_user_user_permissions" VALUES(15,3,55);
INSERT INTO "auth_user_user_permissions" VALUES(16,3,56);
INSERT INTO "auth_user_user_permissions" VALUES(17,3,57);
INSERT INTO "auth_user_user_permissions" VALUES(18,3,58);
INSERT INTO "auth_user_user_permissions" VALUES(19,3,59);
INSERT INTO "auth_user_user_permissions" VALUES(20,3,60);
INSERT INTO "auth_user_user_permissions" VALUES(25,4,41);
INSERT INTO "auth_user_user_permissions" VALUES(26,4,42);
INSERT INTO "auth_user_user_permissions" VALUES(27,4,43);
INSERT INTO "auth_user_user_permissions" VALUES(28,4,44);
INSERT INTO "auth_user_user_permissions" VALUES(29,4,45);
INSERT INTO "auth_user_user_permissions" VALUES(30,4,46);
INSERT INTO "auth_user_user_permissions" VALUES(31,4,47);
INSERT INTO "auth_user_user_permissions" VALUES(32,4,48);
INSERT INTO "auth_user_user_permissions" VALUES(33,4,49);
INSERT INTO "auth_user_user_permissions" VALUES(34,4,50);
INSERT INTO "auth_user_user_permissions" VALUES(35,4,51);
INSERT INTO "auth_user_user_permissions" VALUES(36,4,52);
INSERT INTO "auth_user_user_permissions" VALUES(37,4,53);
INSERT INTO "auth_user_user_permissions" VALUES(38,4,54);
INSERT INTO "auth_user_user_permissions" VALUES(39,4,55);
INSERT INTO "auth_user_user_permissions" VALUES(40,4,56);
INSERT INTO "auth_user_user_permissions" VALUES(41,4,57);
INSERT INTO "auth_user_user_permissions" VALUES(42,4,58);
INSERT INTO "auth_user_user_permissions" VALUES(43,4,59);
INSERT INTO "auth_user_user_permissions" VALUES(44,4,60);
INSERT INTO "auth_user_user_permissions" VALUES(45,5,41);
INSERT INTO "auth_user_user_permissions" VALUES(46,5,42);
INSERT INTO "auth_user_user_permissions" VALUES(47,5,43);
INSERT INTO "auth_user_user_permissions" VALUES(48,5,44);
INSERT INTO "auth_user_user_permissions" VALUES(49,5,45);
INSERT INTO "auth_user_user_permissions" VALUES(50,5,46);
INSERT INTO "auth_user_user_permissions" VALUES(51,5,47);
INSERT INTO "auth_user_user_permissions" VALUES(52,5,48);
INSERT INTO "auth_user_user_permissions" VALUES(53,5,49);
INSERT INTO "auth_user_user_permissions" VALUES(54,5,50);
INSERT INTO "auth_user_user_permissions" VALUES(55,5,51);
INSERT INTO "auth_user_user_permissions" VALUES(56,5,52);
INSERT INTO "auth_user_user_permissions" VALUES(57,5,53);
INSERT INTO "auth_user_user_permissions" VALUES(58,5,54);
INSERT INTO "auth_user_user_permissions" VALUES(59,5,55);
INSERT INTO "auth_user_user_permissions" VALUES(60,5,56);
INSERT INTO "auth_user_user_permissions" VALUES(61,5,57);
INSERT INTO "auth_user_user_permissions" VALUES(62,5,58);
INSERT INTO "auth_user_user_permissions" VALUES(63,5,59);
INSERT INTO "auth_user_user_permissions" VALUES(64,5,60);
CREATE UNIQUE INDEX "auth_group_permissions_group_id_permission_id_0cd325b0_uniq" ON "auth_group_permissions" ("group_id", "permission_id");
CREATE INDEX IF NOT EXISTS "auth_group_permissions_group_id_b120cbf9" ON "auth_group_permissions" ("group_id");
CREATE INDEX IF NOT EXISTS "auth_group_permissions_permission_id_84c5c92e" ON "auth_group_permissions" ("permission_id");
CREATE UNIQUE INDEX "auth_user_groups_user_id_group_id_94350c0c_uniq" ON "auth_user_groups" ("user_id", "group_id");
CREATE INDEX IF NOT EXISTS "auth_user_groups_user_id_6a12ed8b" ON "auth_user_groups" ("user_id");
CREATE INDEX IF NOT EXISTS "auth_user_groups_group_id_97559544" ON "auth_user_groups" ("group_id");
CREATE UNIQUE INDEX "auth_user_user_permissions_user_id_permission_id_14a6b632_uniq" ON "auth_user_user_permissions" ("user_id", "permission_id");
CREATE INDEX IF NOT EXISTS "auth_user_user_permissions_user_id_a95ead1b" ON "auth_user_user_permissions" ("user_id");
CREATE INDEX IF NOT EXISTS "auth_user_user_permissions_permission_id_1fbb5f2c" ON "auth_user_user_permissions" ("permission_id");
CREATE INDEX IF NOT EXISTS "django_admin_log_content_type_id_c4bce8eb" ON "django_admin_log" ("content_type_id");
CREATE INDEX IF NOT EXISTS "django_admin_log_user_id_c564eba6" ON "django_admin_log" ("user_id");
CREATE UNIQUE INDEX "django_content_type_app_label_model_76bd3d3b_uniq" ON "django_content_type" ("app_label", "model");
CREATE UNIQUE INDEX "auth_permission_content_type_id_codename_01ab375a_uniq" ON "auth_permission" ("content_type_id", "codename");
CREATE INDEX IF NOT EXISTS "auth_permission_content_type_id_2f476e4b" ON "auth_permission" ("content_type_id");
CREATE INDEX IF NOT EXISTS "django_session_expire_date_a5c62663" ON "django_session" ("expire_date");
CREATE INDEX IF NOT EXISTS "firstapp_bird_animal_id_id_508534c6" ON "firstapp_bird" ("animal_id_id");
CREATE INDEX IF NOT EXISTS "firstapp_animal_area_id_id_08d2ffe2" ON "firstapp_animal" ("area_id_id");
CREATE INDEX IF NOT EXISTS "firstapp_animal_ration_id_id_dea7f4c9" ON "firstapp_animal" ("ration_id_id");
CREATE INDEX IF NOT EXISTS "firstapp_animal_caretaker_id_id_3edd138b" ON "firstapp_animal" ("caretaker_id_id");
CREATE INDEX IF NOT EXISTS "firstapp_animal_veterenarian_id_id_742b5aac" ON "firstapp_animal" ("veterenarian_id_id");
CREATE INDEX IF NOT EXISTS "firstapp_reptile_animal_id_id_93a183bb" ON "firstapp_reptile" ("animal_id_id");
CREATE TABLE IF NOT EXISTS "django_admin_log" ("id" integer NOT NULL PRIMARY KEY AUTOINCREMENT, "action_time" datetime NOT NULL, "object_id" text NULL, "object_repr" varchar(200) NOT NULL, "change_message" text NOT NULL, "content_type_id" integer NULL REFERENCES "django_content_type" ("id") DEFERRABLE INITIALLY DEFERRED, "user_id" integer NOT NULL REFERENCES "auth_user" ("id") DEFERRABLE INITIALLY DEFERRED, "action_flag" smallint unsigned NOT NULL CHECK ("action_flag" >= 0));
INSERT INTO "django_admin_log" VALUES(1,'2020-12-28 19:52:57.262006','2','user1@mail.ru','[{"added": {}}]',4,1,1);
INSERT INTO "django_admin_log" VALUES(2,'2020-12-28 19:58:58.080471','2','user1@mail.ru','',4,1,3);
INSERT INTO "django_admin_log" VALUES(3,'2020-12-28 20:10:15.186441','4','Animal object (4)','[{"changed": {"fields": ["Name"]}}]',11,1,2);
INSERT INTO "django_admin_log" VALUES(4,'2020-12-28 20:17:26.120180','3','user1@mail.ru','[{"added": {}}]',4,1,1);
INSERT INTO "django_admin_log" VALUES(5,'2020-12-28 20:23:03.695330','3','user1@mail.ru','[{"changed": {"fields": ["First name", "Last name", "Email address", "Staff status", "Last login"]}}]',4,1,2);
INSERT INTO "django_admin_log" VALUES(6,'2020-12-28 20:36:04.072165','3','user1@mail.ru','[{"changed": {"fields": ["User permissions"]}}]',4,1,2);
INSERT INTO "django_admin_log" VALUES(7,'2020-12-28 20:55:54.201423','3','user1@mail.ru','[{"changed": {"fields": ["User permissions"]}}]',4,1,2);
INSERT INTO "django_admin_log" VALUES(8,'2020-12-28 22:51:20.058914','1','User object (1)','[]',16,1,2);
INSERT INTO "django_admin_log" VALUES(9,'2020-12-28 22:53:09.634448','3','user1@mail.ru','[]',4,1,2);
INSERT INTO "django_admin_log" VALUES(10,'2020-12-29 18:30:08.968603','3','user1@mail.ru','[{"changed": {"fields": ["Staff status"]}}]',4,1,2);
INSERT INTO "django_admin_log" VALUES(11,'2020-12-29 18:43:08.023998','3','user1@mail.ru','[{"changed": {"fields": ["First name", "Last name"]}}]',4,1,2);
INSERT INTO "django_admin_log" VALUES(12,'2020-12-29 18:43:31.275469','4','user2@mail.ru','[{"added": {}}]',4,1,1);
INSERT INTO "django_admin_log" VALUES(13,'2020-12-29 18:45:01.164017','4','user2@mail.ru','[{"changed": {"fields": ["First name", "Last name", "Email address", "User permissions"]}}]',4,1,2);
INSERT INTO "django_admin_log" VALUES(14,'2020-12-29 18:45:35.880019','5','user3@mail.ru','[{"added": {}}]',4,1,1);
INSERT INTO "django_admin_log" VALUES(15,'2020-12-29 18:46:25.462723','5','user3@mail.ru','[{"changed": {"fields": ["First name", "Last name", "Email address", "User permissions", "Last login"]}}]',4,1,2);
INSERT INTO "django_admin_log" VALUES(16,'2020-12-29 18:46:43.744366','1','Weismur','[{"changed": {"fields": ["First name", "Last name"]}}]',4,1,2);
INSERT INTO "django_admin_log" VALUES(17,'2020-12-29 18:47:05.036457','3','user1@mail.ru','[{"changed": {"fields": ["Email address"]}}]',4,1,2);
INSERT INTO "django_admin_log" VALUES(18,'2020-12-29 18:47:58.442325','2','User object (2)','[{"added": {}}]',16,1,1);
INSERT INTO "django_admin_log" VALUES(19,'2020-12-29 18:48:30.885306','2','User object (2)','[{"changed": {"fields": ["Name"]}}]',16,1,2);
INSERT INTO "django_admin_log" VALUES(20,'2020-12-29 18:49:34.905434','3','User object (3)','[{"added": {}}]',16,1,1);
INSERT INTO "django_admin_log" VALUES(21,'2020-12-29 18:49:51.652661','2','User object (2)','[{"changed": {"fields": ["Marital status"]}}]',16,1,2);
INSERT INTO "django_admin_log" VALUES(22,'2020-12-29 20:38:16.621742','3','User object (3)','[{"changed": {"fields": ["Phone"]}}]',16,1,2);
INSERT INTO "django_admin_log" VALUES(23,'2020-12-29 20:38:25.310647','2','User object (2)','[{"changed": {"fields": ["Phone"]}}]',16,1,2);
INSERT INTO "django_admin_log" VALUES(24,'2020-12-29 20:38:33.342748','1','User object (1)','[{"changed": {"fields": ["Phone"]}}]',16,1,2);
CREATE UNIQUE INDEX "auth_group_permissions_group_id_permission_id_0cd325b0_uniq" ON "auth_group_permissions" ("group_id", "permission_id");
CREATE INDEX IF NOT EXISTS "auth_group_permissions_group_id_b120cbf9" ON "auth_group_permissions" ("group_id");
CREATE INDEX IF NOT EXISTS "auth_group_permissions_permission_id_84c5c92e" ON "auth_group_permissions" ("permission_id");
CREATE UNIQUE INDEX "auth_user_groups_user_id_group_id_94350c0c_uniq" ON "auth_user_groups" ("user_id", "group_id");
CREATE INDEX IF NOT EXISTS "auth_user_groups_user_id_6a12ed8b" ON "auth_user_groups" ("user_id");
CREATE INDEX IF NOT EXISTS "auth_user_groups_group_id_97559544" ON "auth_user_groups" ("group_id");
CREATE UNIQUE INDEX "auth_user_user_permissions_user_id_permission_id_14a6b632_uniq" ON "auth_user_user_permissions" ("user_id", "permission_id");
CREATE INDEX IF NOT EXISTS "auth_user_user_permissions_user_id_a95ead1b" ON "auth_user_user_permissions" ("user_id");
CREATE INDEX IF NOT EXISTS "auth_user_user_permissions_permission_id_1fbb5f2c" ON "auth_user_user_permissions" ("permission_id");
CREATE INDEX IF NOT EXISTS "django_admin_log_content_type_id_c4bce8eb" ON "django_admin_log" ("content_type_id");
CREATE INDEX IF NOT EXISTS "django_admin_log_user_id_c564eba6" ON "django_admin_log" ("user_id");
CREATE UNIQUE INDEX "django_content_type_app_label_model_76bd3d3b_uniq" ON "django_content_type" ("app_label", "model");
CREATE UNIQUE INDEX "auth_permission_content_type_id_codename_01ab375a_uniq" ON "auth_permission" ("content_type_id", "codename");
CREATE INDEX IF NOT EXISTS "auth_permission_content_type_id_2f476e4b" ON "auth_permission" ("content_type_id");
CREATE INDEX IF NOT EXISTS "django_session_expire_date_a5c62663" ON "django_session" ("expire_date");
CREATE INDEX IF NOT EXISTS "firstapp_bird_animal_id_id_508534c6" ON "firstapp_bird" ("animal_id_id");
CREATE INDEX IF NOT EXISTS "firstapp_animal_area_id_id_08d2ffe2" ON "firstapp_animal" ("area_id_id");
CREATE INDEX IF NOT EXISTS "firstapp_animal_ration_id_id_dea7f4c9" ON "firstapp_animal" ("ration_id_id");
CREATE INDEX IF NOT EXISTS "firstapp_animal_caretaker_id_id_3edd138b" ON "firstapp_animal" ("caretaker_id_id");
CREATE INDEX IF NOT EXISTS "firstapp_animal_veterenarian_id_id_742b5aac" ON "firstapp_animal" ("veterenarian_id_id");
CREATE INDEX IF NOT EXISTS "firstapp_reptile_animal_id_id_93a183bb" ON "firstapp_reptile" ("animal_id_id");
CREATE TABLE IF NOT EXISTS "django_content_type" ("id" integer NOT NULL PRIMARY KEY AUTOINCREMENT, "app_label" varchar(100) NOT NULL, "model" varchar(100) NOT NULL);
INSERT INTO "django_content_type" VALUES(1,'admin','logentry');
INSERT INTO "django_content_type" VALUES(2,'auth','permission');
INSERT INTO "django_content_type" VALUES(3,'auth','group');
INSERT INTO "django_content_type" VALUES(4,'auth','user');
INSERT INTO "django_content_type" VALUES(5,'contenttypes','contenttype');
INSERT INTO "django_content_type" VALUES(6,'sessions','session');
INSERT INTO "django_content_type" VALUES(7,'firstapp','author_db');
INSERT INTO "django_content_type" VALUES(8,'firstapp','card_db');
INSERT INTO "django_content_type" VALUES(9,'firstapp','exhibition_db');
INSERT INTO "django_content_type" VALUES(10,'firstapp','organization');
INSERT INTO "django_content_type" VALUES(11,'firstapp','animal');
INSERT INTO "django_content_type" VALUES(12,'firstapp','bird');
INSERT INTO "django_content_type" VALUES(13,'firstapp','feeding_ration');
INSERT INTO "django_content_type" VALUES(14,'firstapp','habitat_area');
INSERT INTO "django_content_type" VALUES(15,'firstapp','reptile');
INSERT INTO "django_content_type" VALUES(16,'firstapp','user');
CREATE UNIQUE INDEX "auth_group_permissions_group_id_permission_id_0cd325b0_uniq" ON "auth_group_permissions" ("group_id", "permission_id");
CREATE INDEX IF NOT EXISTS "auth_group_permissions_group_id_b120cbf9" ON "auth_group_permissions" ("group_id");
CREATE INDEX IF NOT EXISTS "auth_group_permissions_permission_id_84c5c92e" ON "auth_group_permissions" ("permission_id");
CREATE UNIQUE INDEX "auth_user_groups_user_id_group_id_94350c0c_uniq" ON "auth_user_groups" ("user_id", "group_id");
CREATE INDEX IF NOT EXISTS "auth_user_groups_user_id_6a12ed8b" ON "auth_user_groups" ("user_id");
CREATE INDEX IF NOT EXISTS "auth_user_groups_group_id_97559544" ON "auth_user_groups" ("group_id");
CREATE UNIQUE INDEX "auth_user_user_permissions_user_id_permission_id_14a6b632_uniq" ON "auth_user_user_permissions" ("user_id", "permission_id");
CREATE INDEX IF NOT EXISTS "auth_user_user_permissions_user_id_a95ead1b" ON "auth_user_user_permissions" ("user_id");
CREATE INDEX IF NOT EXISTS "auth_user_user_permissions_permission_id_1fbb5f2c" ON "auth_user_user_permissions" ("permission_id");
CREATE INDEX IF NOT EXISTS "django_admin_log_content_type_id_c4bce8eb" ON "django_admin_log" ("content_type_id");
CREATE INDEX IF NOT EXISTS "django_admin_log_user_id_c564eba6" ON "django_admin_log" ("user_id");
CREATE UNIQUE INDEX "django_content_type_app_label_model_76bd3d3b_uniq" ON "django_content_type" ("app_label", "model");
CREATE UNIQUE INDEX "auth_permission_content_type_id_codename_01ab375a_uniq" ON "auth_permission" ("content_type_id", "codename");
CREATE INDEX IF NOT EXISTS "auth_permission_content_type_id_2f476e4b" ON "auth_permission" ("content_type_id");
CREATE INDEX IF NOT EXISTS "django_session_expire_date_a5c62663" ON "django_session" ("expire_date");
CREATE INDEX IF NOT EXISTS "firstapp_bird_animal_id_id_508534c6" ON "firstapp_bird" ("animal_id_id");
CREATE INDEX IF NOT EXISTS "firstapp_animal_area_id_id_08d2ffe2" ON "firstapp_animal" ("area_id_id");
CREATE INDEX IF NOT EXISTS "firstapp_animal_ration_id_id_dea7f4c9" ON "firstapp_animal" ("ration_id_id");
CREATE INDEX IF NOT EXISTS "firstapp_animal_caretaker_id_id_3edd138b" ON "firstapp_animal" ("caretaker_id_id");
CREATE INDEX IF NOT EXISTS "firstapp_animal_veterenarian_id_id_742b5aac" ON "firstapp_animal" ("veterenarian_id_id");
CREATE INDEX IF NOT EXISTS "firstapp_reptile_animal_id_id_93a183bb" ON "firstapp_reptile" ("animal_id_id");
CREATE TABLE IF NOT EXISTS "django_migrations" ("id" integer NOT NULL PRIMARY KEY AUTOINCREMENT, "app" varchar(255) NOT NULL, "name" varchar(255) NOT NULL, "applied" datetime NOT NULL);
INSERT INTO "django_migrations" VALUES(1,'contenttypes','0001_initial','2020-12-27 17:59:59.584398');
INSERT INTO "django_migrations" VALUES(2,'auth','0001_initial','2020-12-27 17:59:59.741509');
INSERT INTO "django_migrations" VALUES(3,'admin','0001_initial','2020-12-27 17:59:59.886499');
INSERT INTO "django_migrations" VALUES(4,'admin','0002_logentry_remove_auto_add','2020-12-27 18:00:00.049493');
INSERT INTO "django_migrations" VALUES(5,'admin','0003_logentry_add_action_flag_choices','2020-12-27 18:00:00.211479');
INSERT INTO "django_migrations" VALUES(6,'contenttypes','0002_remove_content_type_name','2020-12-27 18:00:00.390467');
INSERT INTO "django_migrations" VALUES(7,'auth','0002_alter_permission_name_max_length','2020-12-27 18:00:00.595570');
INSERT INTO "django_migrations" VALUES(8,'auth','0003_alter_user_email_max_length','2020-12-27 18:00:00.844555');
INSERT INTO "django_migrations" VALUES(9,'auth','0004_alter_user_username_opts','2020-12-27 18:00:00.994547');
INSERT INTO "django_migrations" VALUES(10,'auth','0005_alter_user_last_login_null','2020-12-27 18:00:01.169536');
INSERT INTO "django_migrations" VALUES(11,'auth','0006_require_contenttypes_0002','2020-12-27 18:00:01.346657');
INSERT INTO "django_migrations" VALUES(12,'auth','0007_alter_validators_add_error_messages','2020-12-27 18:00:01.489646');
INSERT INTO "django_migrations" VALUES(13,'auth','0008_alter_user_username_max_length','2020-12-27 18:00:01.644638');
INSERT INTO "django_migrations" VALUES(14,'auth','0009_alter_user_last_name_max_length','2020-12-27 18:00:01.798632');
INSERT INTO "django_migrations" VALUES(15,'auth','0010_alter_group_name_max_length','2020-12-27 18:00:01.925619');
INSERT INTO "django_migrations" VALUES(16,'auth','0011_update_proxy_permissions','2020-12-27 18:00:02.076611');
INSERT INTO "django_migrations" VALUES(17,'auth','0012_alter_user_first_name_max_length','2020-12-27 18:00:02.274597');
INSERT INTO "django_migrations" VALUES(18,'firstapp','0001_initial','2020-12-27 18:00:02.402591');
INSERT INTO "django_migrations" VALUES(19,'firstapp','0002_author_db_date_of_birth','2020-12-27 18:00:02.545584');
INSERT INTO "django_migrations" VALUES(20,'firstapp','0003_auto_20201221_1852','2020-12-27 18:00:02.720569');
INSERT INTO "django_migrations" VALUES(21,'firstapp','0004_auto_20201221_1937','2020-12-27 18:00:02.853561');
INSERT INTO "django_migrations" VALUES(22,'firstapp','0005_auto_20201221_2019','2020-12-27 18:00:02.983553');
INSERT INTO "django_migrations" VALUES(23,'firstapp','0006_card_db_number','2020-12-27 18:00:03.100545');
INSERT INTO "django_migrations" VALUES(24,'sessions','0001_initial','2020-12-27 18:00:03.267536');
INSERT INTO "django_migrations" VALUES(25,'firstapp','0007_auto_20201227_2239','2020-12-27 19:39:26.918478');
INSERT INTO "django_migrations" VALUES(26,'firstapp','0008_auto_20201228_0046','2020-12-27 21:47:07.138983');
INSERT INTO "django_migrations" VALUES(27,'firstapp','0009_remove_feeding_ration_number','2020-12-27 22:30:10.774888');
INSERT INTO "django_migrations" VALUES(28,'firstapp','0010_remove_user_number','2020-12-27 22:52:27.408239');
INSERT INTO "django_migrations" VALUES(29,'firstapp','0011_remove_bird_code_of_wintering_place','2020-12-28 17:53:15.421897');
INSERT INTO "django_migrations" VALUES(30,'firstapp','0012_auto_20201228_2121','2020-12-28 18:21:56.971279');
INSERT INTO "django_migrations" VALUES(31,'firstapp','0013_auto_20201228_2129','2020-12-28 18:29:17.563858');
INSERT INTO "django_migrations" VALUES(32,'firstapp','0014_auto_20201229_0146','2020-12-28 22:47:07.462656');
INSERT INTO "django_migrations" VALUES(33,'firstapp','0015_auto_20201229_1840','2020-12-29 17:13:05.368543');
INSERT INTO "django_migrations" VALUES(34,'firstapp','0016_auto_20201229_1904','2020-12-29 19:33:52.514567');
INSERT INTO "django_migrations" VALUES(35,'firstapp','0017_auto_20201229_1907','2020-12-29 19:33:52.672556');
INSERT INTO "django_migrations" VALUES(36,'firstapp','0018_auto_20201229_1909','2020-12-29 19:33:52.782550');
INSERT INTO "django_migrations" VALUES(37,'firstapp','0019_auto_20201229_1911','2020-12-29 19:33:52.908541');
INSERT INTO "django_migrations" VALUES(38,'firstapp','0020_auto_20201229_1915','2020-12-29 19:33:53.091531');
INSERT INTO "django_migrations" VALUES(39,'firstapp','0021_auto_20201229_1925','2020-12-29 19:33:53.263519');
INSERT INTO "django_migrations" VALUES(40,'firstapp','0022_auto_20201229_1930','2020-12-29 19:33:53.455505');
INSERT INTO "django_migrations" VALUES(41,'firstapp','0023_auto_20201229_1941','2020-12-29 19:33:53.633497');
INSERT INTO "django_migrations" VALUES(42,'firstapp','0024_auto_20201229_1957','2020-12-29 19:33:53.800634');
INSERT INTO "django_migrations" VALUES(43,'firstapp','0025_auto_20201229_2003','2020-12-29 19:33:54.008627');
INSERT INTO "django_migrations" VALUES(44,'firstapp','0026_auto_20201229_2015','2020-12-29 19:33:54.197609');
INSERT INTO "django_migrations" VALUES(45,'firstapp','0027_auto_20201229_2018','2020-12-29 19:33:54.380598');
INSERT INTO "django_migrations" VALUES(46,'firstapp','0028_auto_20201229_2158','2020-12-29 19:33:54.564588');
INSERT INTO "django_migrations" VALUES(47,'firstapp','0029_auto_20201229_2206','2020-12-29 19:33:54.772574');
INSERT INTO "django_migrations" VALUES(48,'firstapp','0030_auto_20201229_2231','2020-12-29 19:35:11.550773');
INSERT INTO "django_migrations" VALUES(49,'firstapp','0031_auto_20201229_2256','2020-12-29 19:57:31.337602');
INSERT INTO "django_migrations" VALUES(50,'firstapp','0032_auto_20201229_2323','2020-12-29 20:23:37.739683');
INSERT INTO "django_migrations" VALUES(51,'firstapp','0033_auto_20201229_2336','2020-12-29 20:36:38.107785');
CREATE UNIQUE INDEX "auth_group_permissions_group_id_permission_id_0cd325b0_uniq" ON "auth_group_permissions" ("group_id", "permission_id");
CREATE INDEX IF NOT EXISTS "auth_group_permissions_group_id_b120cbf9" ON "auth_group_permissions" ("group_id");
CREATE INDEX IF NOT EXISTS "auth_group_permissions_permission_id_84c5c92e" ON "auth_group_permissions" ("permission_id");
CREATE UNIQUE INDEX "auth_user_groups_user_id_group_id_94350c0c_uniq" ON "auth_user_groups" ("user_id", "group_id");
CREATE INDEX IF NOT EXISTS "auth_user_groups_user_id_6a12ed8b" ON "auth_user_groups" ("user_id");
CREATE INDEX IF NOT EXISTS "auth_user_groups_group_id_97559544" ON "auth_user_groups" ("group_id");
CREATE UNIQUE INDEX "auth_user_user_permissions_user_id_permission_id_14a6b632_uniq" ON "auth_user_user_permissions" ("user_id", "permission_id");
CREATE INDEX IF NOT EXISTS "auth_user_user_permissions_user_id_a95ead1b" ON "auth_user_user_permissions" ("user_id");
CREATE INDEX IF NOT EXISTS "auth_user_user_permissions_permission_id_1fbb5f2c" ON "auth_user_user_permissions" ("permission_id");
CREATE INDEX IF NOT EXISTS "django_admin_log_content_type_id_c4bce8eb" ON "django_admin_log" ("content_type_id");
CREATE INDEX IF NOT EXISTS "django_admin_log_user_id_c564eba6" ON "django_admin_log" ("user_id");
CREATE UNIQUE INDEX "django_content_type_app_label_model_76bd3d3b_uniq" ON "django_content_type" ("app_label", "model");
CREATE UNIQUE INDEX "auth_permission_content_type_id_codename_01ab375a_uniq" ON "auth_permission" ("content_type_id", "codename");
CREATE INDEX IF NOT EXISTS "auth_permission_content_type_id_2f476e4b" ON "auth_permission" ("content_type_id");
CREATE INDEX IF NOT EXISTS "django_session_expire_date_a5c62663" ON "django_session" ("expire_date");
CREATE INDEX IF NOT EXISTS "firstapp_bird_animal_id_id_508534c6" ON "firstapp_bird" ("animal_id_id");
CREATE INDEX IF NOT EXISTS "firstapp_animal_area_id_id_08d2ffe2" ON "firstapp_animal" ("area_id_id");
CREATE INDEX IF NOT EXISTS "firstapp_animal_ration_id_id_dea7f4c9" ON "firstapp_animal" ("ration_id_id");
CREATE INDEX IF NOT EXISTS "firstapp_animal_caretaker_id_id_3edd138b" ON "firstapp_animal" ("caretaker_id_id");
CREATE INDEX IF NOT EXISTS "firstapp_animal_veterenarian_id_id_742b5aac" ON "firstapp_animal" ("veterenarian_id_id");
CREATE INDEX IF NOT EXISTS "firstapp_reptile_animal_id_id_93a183bb" ON "firstapp_reptile" ("animal_id_id");
CREATE TABLE IF NOT EXISTS "django_session" ("session_key" varchar(40) NOT NULL PRIMARY KEY, "session_data" text NOT NULL, "expire_date" datetime NOT NULL);
INSERT INTO "django_session" VALUES('5okesfmw09h9argmqh24npmhicucgost','.eJxVjMsOwiAQRf-FtSHT4VFw6d5vIANMpWogKe3K-O_apAvd3nPOfYlA21rC1nkJcxZnMYjT7xYpPbjuIN-p3ppMra7LHOWuyIN2eW2Zn5fD_Tso1Mu3RotZOWtQoSNlkh7Ag-PMNmmNPHkgBxEnxSM4MtoY5R3SqMBS1GDE-wOvnTZ4:1ku1Ry:gbqqfwV286FC6BRg0lVLFretYFCx9V8tpfMMrVatvtQ','2021-01-11 22:57:14.953940');
INSERT INTO "django_session" VALUES('54syq841yqnzuqmzfr6zkl897vdznrp2','.eJxVjMsOwiAQRf-FtSHT4VFw6d5vIANMpWogKe3K-O_apAvd3nPOfYlA21rC1nkJcxZnMYjT7xYpPbjuIN-p3ppMra7LHOWuyIN2eW2Zn5fD_Tso1Mu3RotZOWtQoSNlkh7Ag-PMNmmNPHkgBxEnxSM4MtoY5R3SqMBS1GDE-wOvnTZ4:1kuJwj:l4Tlij-VP00JQ1LFCy8UZ81DWKK-J3SNo2cqAmTVcPU','2021-01-12 18:42:13.579279');
INSERT INTO "django_session" VALUES('bqes6m3xkbttk7pto4xi1unyoimw0pcm','.eJxVjMsOwiAQRf-FtSHT4VFw6d5vIANMpWogKe3K-O_apAvd3nPOfYlA21rC1nkJcxZnMYjT7xYpPbjuIN-p3ppMra7LHOWuyIN2eW2Zn5fD_Tso1Mu3RotZOWtQoSNlkh7Ag-PMNmmNPHkgBxEnxSM4MtoY5R3SqMBS1GDE-wOvnTZ4:1kuM8x:3F7j5uZnDsX6jcvBub7Xv89g5QODBA6DQnb1-EHXGa0','2021-01-12 21:02:59.165946');
CREATE UNIQUE INDEX "auth_group_permissions_group_id_permission_id_0cd325b0_uniq" ON "auth_group_permissions" ("group_id", "permission_id");
CREATE INDEX IF NOT EXISTS "auth_group_permissions_group_id_b120cbf9" ON "auth_group_permissions" ("group_id");
CREATE INDEX IF NOT EXISTS "auth_group_permissions_permission_id_84c5c92e" ON "auth_group_permissions" ("permission_id");
CREATE UNIQUE INDEX "auth_user_groups_user_id_group_id_94350c0c_uniq" ON "auth_user_groups" ("user_id", "group_id");
CREATE INDEX IF NOT EXISTS "auth_user_groups_user_id_6a12ed8b" ON "auth_user_groups" ("user_id");
CREATE INDEX IF NOT EXISTS "auth_user_groups_group_id_97559544" ON "auth_user_groups" ("group_id");
CREATE UNIQUE INDEX "auth_user_user_permissions_user_id_permission_id_14a6b632_uniq" ON "auth_user_user_permissions" ("user_id", "permission_id");
CREATE INDEX IF NOT EXISTS "auth_user_user_permissions_user_id_a95ead1b" ON "auth_user_user_permissions" ("user_id");
CREATE INDEX IF NOT EXISTS "auth_user_user_permissions_permission_id_1fbb5f2c" ON "auth_user_user_permissions" ("permission_id");
CREATE INDEX IF NOT EXISTS "django_admin_log_content_type_id_c4bce8eb" ON "django_admin_log" ("content_type_id");
CREATE INDEX IF NOT EXISTS "django_admin_log_user_id_c564eba6" ON "django_admin_log" ("user_id");
CREATE UNIQUE INDEX "django_content_type_app_label_model_76bd3d3b_uniq" ON "django_content_type" ("app_label", "model");
CREATE UNIQUE INDEX "auth_permission_content_type_id_codename_01ab375a_uniq" ON "auth_permission" ("content_type_id", "codename");
CREATE INDEX IF NOT EXISTS "auth_permission_content_type_id_2f476e4b" ON "auth_permission" ("content_type_id");
CREATE INDEX IF NOT EXISTS "django_session_expire_date_a5c62663" ON "django_session" ("expire_date");
CREATE INDEX IF NOT EXISTS "firstapp_bird_animal_id_id_508534c6" ON "firstapp_bird" ("animal_id_id");
CREATE INDEX IF NOT EXISTS "firstapp_animal_area_id_id_08d2ffe2" ON "firstapp_animal" ("area_id_id");
CREATE INDEX IF NOT EXISTS "firstapp_animal_ration_id_id_dea7f4c9" ON "firstapp_animal" ("ration_id_id");
CREATE INDEX IF NOT EXISTS "firstapp_animal_caretaker_id_id_3edd138b" ON "firstapp_animal" ("caretaker_id_id");
CREATE INDEX IF NOT EXISTS "firstapp_animal_veterenarian_id_id_742b5aac" ON "firstapp_animal" ("veterenarian_id_id");
CREATE INDEX IF NOT EXISTS "firstapp_reptile_animal_id_id_93a183bb" ON "firstapp_reptile" ("animal_id_id");
CREATE TABLE IF NOT EXISTS "firstapp_animal" ("id" integer NOT NULL PRIMARY KEY AUTOINCREMENT, "name" varchar(40) NOT NULL, "birthday" varchar(20) NOT NULL, "gender" varchar(20) NULL, "type" varchar(40) NOT NULL, "area_id_id" integer NOT NULL REFERENCES "firstapp_habitat_area" ("id") DEFERRABLE INITIALLY DEFERRED, "ration_id_id" integer NOT NULL REFERENCES "firstapp_feeding_ration" ("id") DEFERRABLE INITIALLY DEFERRED, "caretaker_id_id" integer NOT NULL REFERENCES "firstapp_user" ("id") DEFERRABLE INITIALLY DEFERRED, "veterenarian_id_id" integer NOT NULL REFERENCES "firstapp_user" ("id") DEFERRABLE INITIALLY DEFERRED);
INSERT INTO "firstapp_animal" VALUES(1,'Барсик','20.12.2006','мужской','животное',1,1,1,2);
INSERT INTO "firstapp_animal" VALUES(2,'Нагайна','10.11.2009','женский','рептилия',2,3,3,2);
INSERT INTO "firstapp_animal" VALUES(3,'Кеша','03.08.2015','мужской','птица',1,2,1,2);
CREATE UNIQUE INDEX "auth_group_permissions_group_id_permission_id_0cd325b0_uniq" ON "auth_group_permissions" ("group_id", "permission_id");
CREATE INDEX IF NOT EXISTS "auth_group_permissions_group_id_b120cbf9" ON "auth_group_permissions" ("group_id");
CREATE INDEX IF NOT EXISTS "auth_group_permissions_permission_id_84c5c92e" ON "auth_group_permissions" ("permission_id");
CREATE UNIQUE INDEX "auth_user_groups_user_id_group_id_94350c0c_uniq" ON "auth_user_groups" ("user_id", "group_id");
CREATE INDEX IF NOT EXISTS "auth_user_groups_user_id_6a12ed8b" ON "auth_user_groups" ("user_id");
CREATE INDEX IF NOT EXISTS "auth_user_groups_group_id_97559544" ON "auth_user_groups" ("group_id");
CREATE UNIQUE INDEX "auth_user_user_permissions_user_id_permission_id_14a6b632_uniq" ON "auth_user_user_permissions" ("user_id", "permission_id");
CREATE INDEX IF NOT EXISTS "auth_user_user_permissions_user_id_a95ead1b" ON "auth_user_user_permissions" ("user_id");
CREATE INDEX IF NOT EXISTS "auth_user_user_permissions_permission_id_1fbb5f2c" ON "auth_user_user_permissions" ("permission_id");
CREATE INDEX IF NOT EXISTS "django_admin_log_content_type_id_c4bce8eb" ON "django_admin_log" ("content_type_id");
CREATE INDEX IF NOT EXISTS "django_admin_log_user_id_c564eba6" ON "django_admin_log" ("user_id");
CREATE UNIQUE INDEX "django_content_type_app_label_model_76bd3d3b_uniq" ON "django_content_type" ("app_label", "model");
CREATE UNIQUE INDEX "auth_permission_content_type_id_codename_01ab375a_uniq" ON "auth_permission" ("content_type_id", "codename");
CREATE INDEX IF NOT EXISTS "auth_permission_content_type_id_2f476e4b" ON "auth_permission" ("content_type_id");
CREATE INDEX IF NOT EXISTS "django_session_expire_date_a5c62663" ON "django_session" ("expire_date");
CREATE INDEX IF NOT EXISTS "firstapp_bird_animal_id_id_508534c6" ON "firstapp_bird" ("animal_id_id");
CREATE INDEX IF NOT EXISTS "firstapp_animal_area_id_id_08d2ffe2" ON "firstapp_animal" ("area_id_id");
CREATE INDEX IF NOT EXISTS "firstapp_animal_ration_id_id_dea7f4c9" ON "firstapp_animal" ("ration_id_id");
CREATE INDEX IF NOT EXISTS "firstapp_animal_caretaker_id_id_3edd138b" ON "firstapp_animal" ("caretaker_id_id");
CREATE INDEX IF NOT EXISTS "firstapp_animal_veterenarian_id_id_742b5aac" ON "firstapp_animal" ("veterenarian_id_id");
CREATE INDEX IF NOT EXISTS "firstapp_reptile_animal_id_id_93a183bb" ON "firstapp_reptile" ("animal_id_id");
CREATE TABLE IF NOT EXISTS "firstapp_bird" ("id" integer NOT NULL PRIMARY KEY AUTOINCREMENT, "wintering_place" varchar(40) NOT NULL, "date_of_arrival" varchar(20) NOT NULL, "flight_date" varchar(20) NOT NULL, "animal_id_id" integer NOT NULL REFERENCES "firstapp_animal" ("id") DEFERRABLE INITIALLY DEFERRED);
INSERT INTO "firstapp_bird" VALUES(1,'Бразилия','12.12.2014','14.12.2014',3);
CREATE UNIQUE INDEX "auth_group_permissions_group_id_permission_id_0cd325b0_uniq" ON "auth_group_permissions" ("group_id", "permission_id");
CREATE INDEX IF NOT EXISTS "auth_group_permissions_group_id_b120cbf9" ON "auth_group_permissions" ("group_id");
CREATE INDEX IF NOT EXISTS "auth_group_permissions_permission_id_84c5c92e" ON "auth_group_permissions" ("permission_id");
CREATE UNIQUE INDEX "auth_user_groups_user_id_group_id_94350c0c_uniq" ON "auth_user_groups" ("user_id", "group_id");
CREATE INDEX IF NOT EXISTS "auth_user_groups_user_id_6a12ed8b" ON "auth_user_groups" ("user_id");
CREATE INDEX IF NOT EXISTS "auth_user_groups_group_id_97559544" ON "auth_user_groups" ("group_id");
CREATE UNIQUE INDEX "auth_user_user_permissions_user_id_permission_id_14a6b632_uniq" ON "auth_user_user_permissions" ("user_id", "permission_id");
CREATE INDEX IF NOT EXISTS "auth_user_user_permissions_user_id_a95ead1b" ON "auth_user_user_permissions" ("user_id");
CREATE INDEX IF NOT EXISTS "auth_user_user_permissions_permission_id_1fbb5f2c" ON "auth_user_user_permissions" ("permission_id");
CREATE INDEX IF NOT EXISTS "django_admin_log_content_type_id_c4bce8eb" ON "django_admin_log" ("content_type_id");
CREATE INDEX IF NOT EXISTS "django_admin_log_user_id_c564eba6" ON "django_admin_log" ("user_id");
CREATE UNIQUE INDEX "django_content_type_app_label_model_76bd3d3b_uniq" ON "django_content_type" ("app_label", "model");
CREATE UNIQUE INDEX "auth_permission_content_type_id_codename_01ab375a_uniq" ON "auth_permission" ("content_type_id", "codename");
CREATE INDEX IF NOT EXISTS "auth_permission_content_type_id_2f476e4b" ON "auth_permission" ("content_type_id");
CREATE INDEX IF NOT EXISTS "django_session_expire_date_a5c62663" ON "django_session" ("expire_date");
CREATE INDEX IF NOT EXISTS "firstapp_bird_animal_id_id_508534c6" ON "firstapp_bird" ("animal_id_id");
CREATE INDEX IF NOT EXISTS "firstapp_animal_area_id_id_08d2ffe2" ON "firstapp_animal" ("area_id_id");
CREATE INDEX IF NOT EXISTS "firstapp_animal_ration_id_id_dea7f4c9" ON "firstapp_animal" ("ration_id_id");
CREATE INDEX IF NOT EXISTS "firstapp_animal_caretaker_id_id_3edd138b" ON "firstapp_animal" ("caretaker_id_id");
CREATE INDEX IF NOT EXISTS "firstapp_animal_veterenarian_id_id_742b5aac" ON "firstapp_animal" ("veterenarian_id_id");
CREATE INDEX IF NOT EXISTS "firstapp_reptile_animal_id_id_93a183bb" ON "firstapp_reptile" ("animal_id_id");
CREATE TABLE IF NOT EXISTS "firstapp_feeding_ration" ("id" integer NOT NULL PRIMARY KEY AUTOINCREMENT, "name" varchar(45) NOT NULL, "type" varchar(45) NOT NULL);
INSERT INTO "firstapp_feeding_ration" VALUES(1,'Геркулес','Усиленный');
INSERT INTO "firstapp_feeding_ration" VALUES(2,'Малыш','Детский');
INSERT INTO "firstapp_feeding_ration" VALUES(3,'Лёгкий','Детский');
CREATE UNIQUE INDEX "auth_group_permissions_group_id_permission_id_0cd325b0_uniq" ON "auth_group_permissions" ("group_id", "permission_id");
CREATE INDEX IF NOT EXISTS "auth_group_permissions_group_id_b120cbf9" ON "auth_group_permissions" ("group_id");
CREATE INDEX IF NOT EXISTS "auth_group_permissions_permission_id_84c5c92e" ON "auth_group_permissions" ("permission_id");
CREATE UNIQUE INDEX "auth_user_groups_user_id_group_id_94350c0c_uniq" ON "auth_user_groups" ("user_id", "group_id");
CREATE INDEX IF NOT EXISTS "auth_user_groups_user_id_6a12ed8b" ON "auth_user_groups" ("user_id");
CREATE INDEX IF NOT EXISTS "auth_user_groups_group_id_97559544" ON "auth_user_groups" ("group_id");
CREATE UNIQUE INDEX "auth_user_user_permissions_user_id_permission_id_14a6b632_uniq" ON "auth_user_user_permissions" ("user_id", "permission_id");
CREATE INDEX IF NOT EXISTS "auth_user_user_permissions_user_id_a95ead1b" ON "auth_user_user_permissions" ("user_id");
CREATE INDEX IF NOT EXISTS "auth_user_user_permissions_permission_id_1fbb5f2c" ON "auth_user_user_permissions" ("permission_id");
CREATE INDEX IF NOT EXISTS "django_admin_log_content_type_id_c4bce8eb" ON "django_admin_log" ("content_type_id");
CREATE INDEX IF NOT EXISTS "django_admin_log_user_id_c564eba6" ON "django_admin_log" ("user_id");
CREATE UNIQUE INDEX "django_content_type_app_label_model_76bd3d3b_uniq" ON "django_content_type" ("app_label", "model");
CREATE UNIQUE INDEX "auth_permission_content_type_id_codename_01ab375a_uniq" ON "auth_permission" ("content_type_id", "codename");
CREATE INDEX IF NOT EXISTS "auth_permission_content_type_id_2f476e4b" ON "auth_permission" ("content_type_id");
CREATE INDEX IF NOT EXISTS "django_session_expire_date_a5c62663" ON "django_session" ("expire_date");
CREATE INDEX IF NOT EXISTS "firstapp_bird_animal_id_id_508534c6" ON "firstapp_bird" ("animal_id_id");
CREATE INDEX IF NOT EXISTS "firstapp_animal_area_id_id_08d2ffe2" ON "firstapp_animal" ("area_id_id");
CREATE INDEX IF NOT EXISTS "firstapp_animal_ration_id_id_dea7f4c9" ON "firstapp_animal" ("ration_id_id");
CREATE INDEX IF NOT EXISTS "firstapp_animal_caretaker_id_id_3edd138b" ON "firstapp_animal" ("caretaker_id_id");
CREATE INDEX IF NOT EXISTS "firstapp_animal_veterenarian_id_id_742b5aac" ON "firstapp_animal" ("veterenarian_id_id");
CREATE INDEX IF NOT EXISTS "firstapp_reptile_animal_id_id_93a183bb" ON "firstapp_reptile" ("animal_id_id");
CREATE TABLE IF NOT EXISTS "firstapp_habitat_area" ("id" integer NOT NULL PRIMARY KEY AUTOINCREMENT, "characteristic" varchar(500) NOT NULL, "name" varchar(45) NOT NULL);
INSERT INTO "firstapp_habitat_area" VALUES(1,'это территория, для которой характерна вечная мерзлота, короткое лето и длинная зима.','Тундра');
INSERT INTO "firstapp_habitat_area" VALUES(2,'это места обитания, в которых мало осадков. Они, как известно, самые сухие районы на Земле, и это делает жизнь там чрезвычайно сложной.','Пустыни и кустарники');
CREATE UNIQUE INDEX "auth_group_permissions_group_id_permission_id_0cd325b0_uniq" ON "auth_group_permissions" ("group_id", "permission_id");
CREATE INDEX IF NOT EXISTS "auth_group_permissions_group_id_b120cbf9" ON "auth_group_permissions" ("group_id");
CREATE INDEX IF NOT EXISTS "auth_group_permissions_permission_id_84c5c92e" ON "auth_group_permissions" ("permission_id");
CREATE UNIQUE INDEX "auth_user_groups_user_id_group_id_94350c0c_uniq" ON "auth_user_groups" ("user_id", "group_id");
CREATE INDEX IF NOT EXISTS "auth_user_groups_user_id_6a12ed8b" ON "auth_user_groups" ("user_id");
CREATE INDEX IF NOT EXISTS "auth_user_groups_group_id_97559544" ON "auth_user_groups" ("group_id");
CREATE UNIQUE INDEX "auth_user_user_permissions_user_id_permission_id_14a6b632_uniq" ON "auth_user_user_permissions" ("user_id", "permission_id");
CREATE INDEX IF NOT EXISTS "auth_user_user_permissions_user_id_a95ead1b" ON "auth_user_user_permissions" ("user_id");
CREATE INDEX IF NOT EXISTS "auth_user_user_permissions_permission_id_1fbb5f2c" ON "auth_user_user_permissions" ("permission_id");
CREATE INDEX IF NOT EXISTS "django_admin_log_content_type_id_c4bce8eb" ON "django_admin_log" ("content_type_id");
CREATE INDEX IF NOT EXISTS "django_admin_log_user_id_c564eba6" ON "django_admin_log" ("user_id");
CREATE UNIQUE INDEX "django_content_type_app_label_model_76bd3d3b_uniq" ON "django_content_type" ("app_label", "model");
CREATE UNIQUE INDEX "auth_permission_content_type_id_codename_01ab375a_uniq" ON "auth_permission" ("content_type_id", "codename");
CREATE INDEX IF NOT EXISTS "auth_permission_content_type_id_2f476e4b" ON "auth_permission" ("content_type_id");
CREATE INDEX IF NOT EXISTS "django_session_expire_date_a5c62663" ON "django_session" ("expire_date");
CREATE INDEX IF NOT EXISTS "firstapp_bird_animal_id_id_508534c6" ON "firstapp_bird" ("animal_id_id");
CREATE INDEX IF NOT EXISTS "firstapp_animal_area_id_id_08d2ffe2" ON "firstapp_animal" ("area_id_id");
CREATE INDEX IF NOT EXISTS "firstapp_animal_ration_id_id_dea7f4c9" ON "firstapp_animal" ("ration_id_id");
CREATE INDEX IF NOT EXISTS "firstapp_animal_caretaker_id_id_3edd138b" ON "firstapp_animal" ("caretaker_id_id");
CREATE INDEX IF NOT EXISTS "firstapp_animal_veterenarian_id_id_742b5aac" ON "firstapp_animal" ("veterenarian_id_id");
CREATE INDEX IF NOT EXISTS "firstapp_reptile_animal_id_id_93a183bb" ON "firstapp_reptile" ("animal_id_id");
CREATE TABLE IF NOT EXISTS "firstapp_reptile" ("id" integer NOT NULL PRIMARY KEY AUTOINCREMENT, "hibernation_period" text NULL, "animal_id_id" integer NOT NULL REFERENCES "firstapp_animal" ("id") DEFERRABLE INITIALLY DEFERRED, "normal_temperature" varchar(40) NOT NULL);
INSERT INTO "firstapp_reptile" VALUES(1,'30.12.2009-02.02.2010',2,'33');
CREATE UNIQUE INDEX "auth_group_permissions_group_id_permission_id_0cd325b0_uniq" ON "auth_group_permissions" ("group_id", "permission_id");
CREATE INDEX IF NOT EXISTS "auth_group_permissions_group_id_b120cbf9" ON "auth_group_permissions" ("group_id");
CREATE INDEX IF NOT EXISTS "auth_group_permissions_permission_id_84c5c92e" ON "auth_group_permissions" ("permission_id");
CREATE UNIQUE INDEX "auth_user_groups_user_id_group_id_94350c0c_uniq" ON "auth_user_groups" ("user_id", "group_id");
CREATE INDEX IF NOT EXISTS "auth_user_groups_user_id_6a12ed8b" ON "auth_user_groups" ("user_id");
CREATE INDEX IF NOT EXISTS "auth_user_groups_group_id_97559544" ON "auth_user_groups" ("group_id");
CREATE UNIQUE INDEX "auth_user_user_permissions_user_id_permission_id_14a6b632_uniq" ON "auth_user_user_permissions" ("user_id", "permission_id");
CREATE INDEX IF NOT EXISTS "auth_user_user_permissions_user_id_a95ead1b" ON "auth_user_user_permissions" ("user_id");
CREATE INDEX IF NOT EXISTS "auth_user_user_permissions_permission_id_1fbb5f2c" ON "auth_user_user_permissions" ("permission_id");
CREATE INDEX IF NOT EXISTS "django_admin_log_content_type_id_c4bce8eb" ON "django_admin_log" ("content_type_id");
CREATE INDEX IF NOT EXISTS "django_admin_log_user_id_c564eba6" ON "django_admin_log" ("user_id");
CREATE UNIQUE INDEX "django_content_type_app_label_model_76bd3d3b_uniq" ON "django_content_type" ("app_label", "model");
CREATE UNIQUE INDEX "auth_permission_content_type_id_codename_01ab375a_uniq" ON "auth_permission" ("content_type_id", "codename");
CREATE INDEX IF NOT EXISTS "auth_permission_content_type_id_2f476e4b" ON "auth_permission" ("content_type_id");
CREATE INDEX IF NOT EXISTS "django_session_expire_date_a5c62663" ON "django_session" ("expire_date");
CREATE INDEX IF NOT EXISTS "firstapp_bird_animal_id_id_508534c6" ON "firstapp_bird" ("animal_id_id");
CREATE INDEX IF NOT EXISTS "firstapp_animal_area_id_id_08d2ffe2" ON "firstapp_animal" ("area_id_id");
CREATE INDEX IF NOT EXISTS "firstapp_animal_ration_id_id_dea7f4c9" ON "firstapp_animal" ("ration_id_id");
CREATE INDEX IF NOT EXISTS "firstapp_animal_caretaker_id_id_3edd138b" ON "firstapp_animal" ("caretaker_id_id");
CREATE INDEX IF NOT EXISTS "firstapp_animal_veterenarian_id_id_742b5aac" ON "firstapp_animal" ("veterenarian_id_id");
CREATE INDEX IF NOT EXISTS "firstapp_reptile_animal_id_id_93a183bb" ON "firstapp_reptile" ("animal_id_id");
CREATE TABLE IF NOT EXISTS "firstapp_user" ("id" integer NOT NULL PRIMARY KEY AUTOINCREMENT, "name" varchar(45) NOT NULL, "position" varchar(45) NOT NULL, "birthday" varchar(45) NOT NULL, "marital_status" varchar(90) NOT NULL, "phone" varchar(40) NOT NULL);
INSERT INTO "firstapp_user" VALUES(1,'Хохлова Ирина Игоревна','Смотритель','20.12.2006','не замужем','88008');
INSERT INTO "firstapp_user" VALUES(2,'Попов Вадим Антонович','Ветеринар','20.11.2008','женат на Чирковой Александре','33678');
INSERT INTO "firstapp_user" VALUES(3,'Чиркова Александра Борисовна','Смотритель','2000-10-21','замужем за Поповым Вадимом','12345');
CREATE UNIQUE INDEX "auth_group_permissions_group_id_permission_id_0cd325b0_uniq" ON "auth_group_permissions" ("group_id", "permission_id");
CREATE INDEX IF NOT EXISTS "auth_group_permissions_group_id_b120cbf9" ON "auth_group_permissions" ("group_id");
CREATE INDEX IF NOT EXISTS "auth_group_permissions_permission_id_84c5c92e" ON "auth_group_permissions" ("permission_id");
CREATE UNIQUE INDEX "auth_user_groups_user_id_group_id_94350c0c_uniq" ON "auth_user_groups" ("user_id", "group_id");
CREATE INDEX IF NOT EXISTS "auth_user_groups_user_id_6a12ed8b" ON "auth_user_groups" ("user_id");
CREATE INDEX IF NOT EXISTS "auth_user_groups_group_id_97559544" ON "auth_user_groups" ("group_id");
CREATE UNIQUE INDEX "auth_user_user_permissions_user_id_permission_id_14a6b632_uniq" ON "auth_user_user_permissions" ("user_id", "permission_id");
CREATE INDEX IF NOT EXISTS "auth_user_user_permissions_user_id_a95ead1b" ON "auth_user_user_permissions" ("user_id");
CREATE INDEX IF NOT EXISTS "auth_user_user_permissions_permission_id_1fbb5f2c" ON "auth_user_user_permissions" ("permission_id");
CREATE INDEX IF NOT EXISTS "django_admin_log_content_type_id_c4bce8eb" ON "django_admin_log" ("content_type_id");
CREATE INDEX IF NOT EXISTS "django_admin_log_user_id_c564eba6" ON "django_admin_log" ("user_id");
CREATE UNIQUE INDEX "django_content_type_app_label_model_76bd3d3b_uniq" ON "django_content_type" ("app_label", "model");
CREATE UNIQUE INDEX "auth_permission_content_type_id_codename_01ab375a_uniq" ON "auth_permission" ("content_type_id", "codename");
CREATE INDEX IF NOT EXISTS "auth_permission_content_type_id_2f476e4b" ON "auth_permission" ("content_type_id");
CREATE INDEX IF NOT EXISTS "django_session_expire_date_a5c62663" ON "django_session" ("expire_date");
CREATE INDEX IF NOT EXISTS "firstapp_bird_animal_id_id_508534c6" ON "firstapp_bird" ("animal_id_id");
CREATE INDEX IF NOT EXISTS "firstapp_animal_area_id_id_08d2ffe2" ON "firstapp_animal" ("area_id_id");
CREATE INDEX IF NOT EXISTS "firstapp_animal_ration_id_id_dea7f4c9" ON "firstapp_animal" ("ration_id_id");
CREATE INDEX IF NOT EXISTS "firstapp_animal_caretaker_id_id_3edd138b" ON "firstapp_animal" ("caretaker_id_id");
CREATE INDEX IF NOT EXISTS "firstapp_animal_veterenarian_id_id_742b5aac" ON "firstapp_animal" ("veterenarian_id_id");
CREATE INDEX IF NOT EXISTS "firstapp_reptile_animal_id_id_93a183bb" ON "firstapp_reptile" ("animal_id_id");
